"id","civilite","prenom","nom","naissance","profession","groupe","ncirco","circo","debut","duree","age","premiereElection"
"1001","M.","Marc-Philippe","Daubresse","-518144400","Ancien directeur d'une société de recrutement","UMP","4","Nord","1292281200","17.6197354362","57","1992"
"1012","M.","Charles","de La Verpillière","-491965200","Conseiller d'Etat","UMP","2","Ain","1182290400","4.39614428854","56","2007"
"1020","M.","Bernard","Debré","-796960800","Chirurgien des hôpitaux, professeur des Universités","UMP","15","Paris","1182290400","15.980105046","66","1986"
"1029","M.","Bernard","Deflesselles","-511578000","Ingénieur","UMP","9","Bouches-du-Rhône","1182290400","12.6179102023","57","1999"
"1031","M.","Lucien","Degauchy","-1027472400","Horticulteur","UMP","5","Oise","1182290400","18.4933379915","73","1993"
"1032","M.","Pascal","Deguilhem","-438483600","Professeur d'Education physique (Université Bordeaux IV)","SRC","1","Dordogne","1182290400","4.39614428854","54","2007"
"1058","M.","Richard","Dell'Agnola","-659581200","Attaché principal d'administration au ministère de la justice","UMP","12","Val-de-Marne","1182290400","13.4474789908","61","1993"
"1066","M.","François","Deluga","-414032400","Agent général d'assurances","SRC","8","Gironde","1228086000","7.99082829493","55","1997"
"1079","M.","Yves","Deniaud","-736390800","Cadre commercial","UMP","1","Orne","1182290400","18.4933379915","64","1993"
"1085","M.","Bernard","Depierre","-775447200","Consultant ","UMP","1","Côte-d'Or","1182290400","9.39545982584","65","2002"
"1092","M.","Bernard","Derosier","-951267600","Instituteur retraité","SRC","2","Nord","1182290400","33.2914214959","72","1978"
"1094","M.","Jacques","Desallangre","-1083114000","Journaliste","GDR","4","Aisne","1182290400","14.4413188265","75","1997"
"1116","M.","Michel","Destot","-736304400","Ingénieur","SRC","3","Isère","1182290400","23.2927904213","64","1988"
"1124","M.","Patrick","Devedjian","-799984800","Avocat","UMP","13","Hauts-de-Seine","1292281200","20.2263975397","66","1986"
"1141","M.","Marc","Dolez","-542682000","Maître de conférences","GDR","17","Nord","1182290400","19.2407712564","58","1988"
"1152","M.","Dominique","Dord","-326163600","Gérant de société","UMP","1","Savoie","1182290400","14.4413188265","51","1997"
"1155","M.","René","Dosière","-896666400","Consultant international","SRC","1","Aisne","1182290400","19.2407712564","69","1988"
"1165","M.","Julien","Dray","-467946000","Enseignant chercheur","SRC","10","Essonne","1182290400","23.2927904213","55","1988"
"1166","M.","Tony","Dreyfus","-977616000","Avocat au Barreau de Paris","SRC","5","Paris","1182290400","14.4413188265","71","1997"
"1182","M.","Jean-Pierre","Dufau","-836100000","Enseignant retraité","SRC","2","Landes","1182290400","14.4413188265","67","1997"
"1193","M.","William","Dumas","-881719200",,"SRC","5","Gard","1182290400","7.38861519887","68","2004"
"1198","Mme","Laurence","Dumont","-365562000","Chargée d'études","SRC","2","Calvados","1182290400","9.44200328922","52","1997"
"1199","M.","Jean-Louis","Dumont","-812253600","Enseignant","SRC","2","Meuse","1182290400","26.1045631797","66","1981"
"1205","M.","Jean-Pierre","Dupont","-1153011600","Docteur vétérinaire","UMP","3","Corrèze","1182290400","16.2811545555","77","1995"
"1206","M.","Nicolas","Dupont-Aignan","-278384400","Administrateur civil","NI","8","Essonne","1182290400","14.4413188265","49","1997"
"1208","M.","Jean-Paul","Dupré","-817520400","Cadre bancaire retraité","SRC","3","Aude","1182290400","14.4413188265","66","1997"
"1214","M.","Yves","Durand","-743907600","Enseignant","SRC","11","Nord","1182290400","19.2407712564","64","1988"
"1221","M.","Paul","Durieu","-709606800","Retraité","UMP","4","Vaucluse","1292367600","0.908008308617","63","2010"
"1226","M.","Philippe","Duron","-711248400","Professeur de lycée agrégé d'histoire","SRC","1","Calvados","1182290400","9.44200328922","63","1997"
"1243","M.","Christian","Eckert","-438570000","Professeur","SRC","7","Meurthe-et-Moselle","1182290400","4.39614428854","54","2007"
"1252","M.","Henri","Emmanuelli","-775965600","Directeur-adjoint de banque","SRC","3","Landes","1182290400","26.2770477793","65","1978"
"1263","M.","Christian","Estrosi","-457750800","Ancien sportif de haut niveau","UMP","5","Alpes-Maritimes","1292281200","15.7390600996","55","1988"
"1268","M.","Laurent","Fabius","-737427600","Ancien Maître des requêtes au Conseil d'Etat","SRC","4","Seine-Maritime","1182290400","26.4796487375","64","1978"
"1271","M.","Albert","Facon","-824950800","Professeur","SRC","14","Pas-de-Calais","1182290400","19.2407712564","68","1988"
"1300","M.","Jean-Michel","Ferrand","-862711200","Professeur de lettres","UMP","3","Vaucluse","1182290400","24.9134840102","68","1986"
"1304","M.","Alain","Ferry","-565232400","Chef d'entreprise","UMP","6","Bas-Rhin","1182290400","18.4933379915","58","1993"
"1326","M.","Pierre","Forgues","-995418000","Professeur de mathématiques","SRC","1","Hautes-Pyrénées","1182290400","30.6000000951","72","1978"
"1327","M.","Nicolas","Forissier","-279939600","Chef d'entreprise","UMP","2","Indre","1182290400","15.3584988402","49","1993"
"1341","M.","Jean-Michel","Fourgous","-512960400","Chef d'entreprise","UMP","11","Yvelines","1182290400","13.4474789908","57","1993"
"1353","M.","Michel","Françaix","-839383200","Consultant en communication","SRC","3","Oise","1182290400","19.1148301202","67","1988"
"1355","Mme","Joëlle","Ceccaldi-Raynaud","-596250000","Ancien clerc de notaire","UMP","6","Hauts-de-Seine","1182290400","8.83979019317","59","2002"
"1364","Mme","Jacqueline","Fraysse","-721098000","Médecin cardiologue","GDR","4","Hauts-de-Seine","1182290400","22.3235912427","63","1978"
"1379","M.","Yves","Fromion","-892951200","Sous-préfet","UMP","1","Cher","1182290400","14.4413188265","69","1997"
"1418","M.","Daniel","Garrigue","-686192400","Administrateur à l'Assemblée nationale","NI","2","Dordogne","1182290400","13.4474789908","62","1993"
"1432","M.","Claude","Gatignol","-981936000","Docteur vétérinaire","UMP","4","Manche","1182290400","23.3119553768","73","1988"
"1433","M.","Jean","Gaubert","-720579600","Agriculteur-éleveur","SRC","2","Côtes-d'Armor","1182290400","15.5445586166","63","1985"
"1445","M.","Hervé","Gaymard","-302576400","Administrateur civil","UMP","2","Savoie","1182290400","11.6678759792","50","1993"
"1459","M.","Bernard","Gérard","-515725200","Avocat","UMP","9","Nord","1182290400","4.39614428854","57","2007"
"1463","M.","André","Gerin","-755830800","Dessinateur industriel","GDR","14","Rhône","1182290400","18.4933379915","64","1993"
"1466","M.","Alain","Gest","-600051600","Consultant","UMP","6","Somme","1182290400","13.4474789908","61","1993"
"1477","M.","Georges","Ginesta","-867376800","Ingénieur ETP","UMP","5","Var","1182290400","9.39545982584","68","2002"
"1483","M.","Jean-Pierre","Giran","-725158800","Professeur d'Université","UMP","3","Var","1182290400","14.4413188265","63","1997"
"1496","M.","Jean","Glavany","-651200400","Préfet","SRC","3","Hautes-Pyrénées","1182290400","14.9178189406","61","1993"
"1498","M.","Claude","Goasguen","-782874000","Avocat à la Cour d'appel de Paris","UMP","14","Paris","1182290400","16.5686288881","65","1993"
"1514","M.","François-Michel","Gonnot","-653706000","Avocat","UMP","6","Oise","1182290400","18.2469314206","61","1988"
"1521","M.","Philippe","Goujon","-494643600","Cadre","UMP","12","Paris","1182290400","6.55630855959","56","1993"
"1522","M.","François","Goulard","-513738000",,"UMP","1","Morbihan","1182290400","11.3064796753","57","1997"
"1549","M.","Jean","Grenet","-961722000","Chirurgien retraité","UMP","5","Pyrénées-Atlantiques","1182290400","12.9600274736","71","1993"
"1568","M.","Louis","Guédon","-1075939200","Docteur en  pharmacie, biologiste","UMP","3","Vendée","1182290400","18.4933379915","76","1993"
"1574","M.","Jean-Claude","Guibal","-914119200","Ancien dirigeant d'organisations professionnelles","UMP","4","Alpes-Maritimes","1182290400","14.4413188265","69","1997"
"1579","Mme","Élisabeth","Guigou","-738637200","Administrateur civil du ministère des finances","SRC","9","Seine-Saint-Denis","1182290400","9.48580890182","64","1997"
"1585","M.","Jean-Jacques","Guillet","-732502800","Chef d'entreprise retraité","UMP","8","Hauts-de-Seine","1182290400","18.4933379915","64","1993"
"1592","M.","David","Habib","-277606800","Cadre","SRC","3","Pyrénées-Atlantiques","1182290400","9.39545982584","49","2002"
"1604","M.","Gérard","Hamel","-784602000","Chef d'entreprise du bâtiment","UMP","2","Eure-et-Loir","1182290400","18.4933379915","65","1993"
"1630","M.","Michel","Herbillon","-594090000","Cadre","UMP","8","Val-de-Marne","1182290400","14.4413188265","59","1997"
"1654","M.","François","Hollande","-485658000","Conseiller référendaire à la Cour des comptes","SRC","1","Corrèze","1182290400","19.2407712564","56","1988"
"1658","Mme","Françoise","Hostalier","-516589200","Inspecteur général de l'Education nationale","UMP","15","Nord","1182290400","6.60558987375","57","1993"
"1661","M.","Philippe","Houillon","-569552400","Avocat, ancien Bâtonnier de l'Ordre","UMP","1","Val-d'Oise","1182290400","18.4933379915","60","1993"
"1677","M.","Michel","Hunault","-311821200","Avocat","NC","6","Loire-Atlantique","1182290400","18.4933379915","50","1993"
"1686","M.","Jean-Louis","Idiart","-620614800","Contrôleur des impôts","SRC","8","Haute-Garonne","1182290400","18.4933379915","60","1993"
"1689","Mme","Françoise","Imbert","-703558800","Ancien chef de cabinet du maire de Colomiers","SRC","5","Haute-Garonne","1182290400","14.4413188265","63","1997"
"1695","M.","Christian","Jacob","-318042000","Agriculteur","UMP","4","Seine-et-Marne","1182290400","10.8847365769","52","1995"
"1699","M.","Denis","Jacquat","-807674400","Médecin O.R.L.","UMP","2","Moselle","1182290400","25.4091490798","66","1986"
"1710","M.","Serge","Janquin","-833421600","Professeur certifié de sciences économiques et sociales, enseignement secondaire","SRC","10","Pas-de-Calais","1182290400","18.4933379915","67","1993"
"1712","M.","Olivier","Jardé","-529030800","Professeur de chirurgie, professeur de droit de la santé","NC","2","Somme","1182290400","9.3407028101","57","2002"
"1744","M.","Alain","Joyandet","-503715600","Editeur","UMP","1","Haute-Saône","1280959200","7.10114086623","56","2002"
"1746","M.","Didier","Julia","-1131926400","Professeur d'Université","UMP","2","Seine-et-Marne","1182290400","44.1880676287","76","1967"
"1748","M.","Armand","Jung","-601261200","Fonctionnaire territorial","SRC","1","Bas-Rhin","1182290400","14.3482318998","61","1997"
"1761","M.","Christian","Kert","-739674000","Cadre administratif","UMP","11","Bouches-du-Rhône","1182290400","23.2927904213","64","1988"
"1770","M.","Jacques","Kossowski","-922240800","Dirigeant d'entreprise","UMP","3","Hauts-de-Seine","1182290400","14.4413188265","70","1997"
"1774","M.","Jean-Pierre","Kucheida","-847414800","Professeur certifié","SRC","12","Pas-de-Calais","1182290400","30.1757473002","67","1981"
"1778","M.","Patrick","Labaune","-585536400","Enseignant","UMP","1","Drôme","1182290400","13.4474789908","59","1993"
"1789","Mme","Conchita","Lacuey","-828583200","Cadre comptable","SRC","4","Gironde","1182290400","14.4413188265","67","1997"
"1809","M.","Jérôme","Lambert","-396666000","Cadre de l'industrie","SRC","3","Charente","1182290400","21.3571299148","53","1986"
"1816","M.","François","Lamy","-320979600","Instituteur","SRC","6","Essonne","1182290400","14.4413188265","51","1997"
"1821","M.","Jack","Lang","-957229200","Professeur agrégé de droit public","SRC","6","Pas-de-Calais","1182290400","15.2271960795","71","1986"
"1822","M.","Pierre","Lang","-711766800","Biologiste, directeur d'un laboratoire d'analyses médicales","UMP","6","Moselle","1182290400","13.4474789908","63","1993"
"1835","M.","Pierre","Lasbordes","-745981200","Directeur commercial","UMP","5","Essonne","1182290400","14.4413188265","64","1997"
"1838","M.","Jean","Lassalle","-462848400","Technicien agricole","NI","4","Pyrénées-Atlantiques","1182290400","9.39545982584","55","2002"
"1844","M.","Jean","Launay","-550371600","Inspecteur du Trésor","SRC","2","Lot","1182290400","13.4228383337","58","1998"
"1857","M.","Thierry","Lazaro","-292294800","Chargé de communication","UMP","6","Nord","1182290400","18.4933379915","50","1993"
"1866","M.","Gilbert","Le Bris","-657421200","Commerçant","SRC","8","Finistère","1182290400","20.7109971291","61","1981"
"1871","M.","Jean-Yves","Le Déaut","-786243600","Professeur d'Université","SRC","6","Meurthe-et-Moselle","1182290400","25.4091490798","65","1986"
"1874","M.","Marc","Le Fur","-413168400","Sous-préfet","UMP","3","Côtes-d'Armor","1182290400","13.4474789908","55","1993"
"1880","M.","Jean-Marie","Le Guen","-536288400","Médecin ","SRC","9","Paris","1182290400","18.8247320138","57","1988"
"1883","M.","Jacques","Le Nay","-634870800","Horticulteur","UMP","6","Morbihan","1182290400","18.4933379915","62","1993"
"1886","M.","Bruno","Le Roux","-147315600","Consultant en gestion et management","SRC","1","Seine-Saint-Denis","1182290400","14.4413188265","45","1997"
"1893","Mme","Marylise","Lebranchu","-716000400","Vacataire professionnelle à l'Université","SRC","4","Finistère","1182290400","9.48580890182","63","1997"
"1911","M.","Michel","Lefait","-745376400","Professeur de collège","SRC","8","Pas-de-Calais","1182290400","14.4413188265","64","1997"
"1936","M.","Patrick","Lemasle","-556160400","Exploitant agricole","SRC","7","Haute-Garonne","1182290400","14.3537076013","58","1997"
"1944","M.","Jean-Louis","Léonard","-613530000","Ingénieur","UMP","2","Charente-Maritime","1182290400","13.4474789908","60","1993"
"1954","M.","Pierre","Lequiller","-633574800","Cadre de banque","UMP","4","Yvelines","1182290400","23.2927904213","62","1988"
"1977","M.","Michel","Liebgott","-374806800","Inspecteur des affaires sanitaires et sociales","SRC","10","Moselle","1182290400","14.4413188265","52","1997"
"1979","Mme","Martine","Lignières-Cassou","-563590800","Chargée d'études à la DDE des Pyrénées-Atlantiques","SRC","1","Pyrénées-Atlantiques","1182290400","14.4413188265","58","1997"
"1991","M.","François","Loncle","-889840800","Journaliste","SRC","4","Eure","1182290400","25.3598677656","69","1981"
"1994","M.","François","Loos","-505616400","Ingénieur en chef des mines","UMP","9","Bas-Rhin","1182290400","13.5433037683","58","1993"
"2011","M.","Lionnel","Luca","-474512400","Professeur d'histoire-géographie","UMP","6","Alpes-Maritimes","1182290400","14.4413188265","57","1997"
"2045","M.","Noël","Mamère","-663296400","Journaliste","GDR","3","Gironde","1182290400","14.4413188265","63","1997"
"2048","M.","Jean-François","Mancel","-689130000","Administrateur civil","UMP","2","Oise","1182290400","23.270887615","62","1978"
"2075","M.","Alfred","Marie-Jeanne","-1045440000","Professeur de mathématiques","GDR","4","Martinique","1182290400","14.4413188265","75","1997"
"2083","M.","Hervé","Mariton","-352083600","Ingénieur en chef des mines","UMP","3","Drôme","1182290400","13.2996350483","52","1993"
"2084","M.","Alain","Marleix","-757299600","Ancien journaliste","UMP","2","Cantal","1292281200","15.1065024907","64","1993"
"2086","M.","Franck","Marlin","-165805200",,"UMP","2","Essonne","1182290400","15.8019165906","46","1995"
"2098","M.","Philippe","Armand Martin","-652582800","Viticulteur","UMP","6","Marne","1182290400","18.307164138","61","1993"
"2099","M.","Patrice","Martin-Lalande","-696906000","Cadre administratif","UMP","2","Loir-et-Cher","1182290400","18.4933379915","64","1993"
"2102","Mme","Henriette","Martinez","-646275600","Professeur certifié","UMP","1","Hautes-Alpes","1182290400","13.4474789908","61","1993"
"211169","M.","Roland","Muzeau","-573008400","Ajusteur-outilleur","GDR","1","Hauts-de-Seine","1182290400","4.39614428854","59","2007"
"2124","M.","Jean-Claude","Mathis","-958784400","Directeur de société","UMP","2","Aube","1182290400","9.39545982584","71","2002"
"2126","M.","Didier","Mathus","-555555600","Enseignant","SRC","4","Saône-et-Loire","1182290400","23.1668492851","58","1988"
"2148","M.","Pierre","Méhaignerie","-967683600","Ingénieur du génie rural et des eaux et forêts","UMP","5","Ille-et-Vilaine","1182290400","28.9026466842","71","1973"
"2155","M.","Gérard","Menuel","-557110800","Agriculteur","UMP","3","Aube","1271973600","5.35439206404","58","1995"
"216574","M.","Francis","Hillmeyer","-735699600","Journaliste reporter-photographe","NC","6","Haut-Rhin","1182290400","11.3721880942","64","2000"
"2181","M.","Jean","Michel","-660358800","Avocat","SRC","6","Puy-de-Dôme","1182290400","14.4413188265","61","1997"
"2191","M.","Jean-Claude","Mignon","-628390800","Ancien chef d'entreprise","UMP","1","Seine-et-Marne","1182290400","23.2927904213","60","1988"
"2224","M.","Arnaud","Montebourg","-226371600","Avocat ","SRC","6","Saône-et-Loire","1182290400","14.4413188265","48","1997"
"2229","M.","Pierre","Morange","-420166800","Médecin généraliste","UMP","6","Yvelines","1182290400","12.7683779185","54","1999"
"2236","M.","Hervé","Morin","-264301200","Administrateur à l'Assemblée nationale","NC","3","Eure","1292281200","9.53759991254","49","1998"
"2237","M.","Jean-Marie","Morisset","-706064400","Directeur informatique","UMP","3","Deux-Sèvres","1182290400","18.4933379915","63","1993"
"223837","M.","Bernard","Brochand","-996454800","Cadre du secteur privé retraité","UMP","8","Alpes-Maritimes","1182290400","10.6055898738","72","2001"
"2240","M.","Pierre","Moscovici","-387939600","Conseiller maître à la cour des comptes","SRC","4","Doubs","1182290400","4.48649336451","53","1997"
"2242","M.","Georges","Mothron","-686106000","Chef des ventes","UMP","5","Val-d'Oise","1182290400","13.2448780326","62","1993"
"2250","M.","Alain","Moyne-Bressand","-770781600","Chef d'entreprise","UMP","6","Isère","1182290400","25.4091490798","65","1986"
"2256","M.","Renaud","Muselier","-336358800","Médecin coordonnateur d'un établissement hospitalier privé","UMP","5","Bouches-du-Rhône","1182290400","13.573420127","51","1993"
"2257","M.","Jacques","Myard","-706410000","Conseiller des affaires étrangères","UMP","5","Yvelines","1182290400","18.4933379915","63","1993"
"226","M.","Jean-Pierre","Abelin","-609987600","Directeur-adjoint de service à la Banque de France","NC","4","Vienne","1182290400","23.7445358012","60","1978"
"2265","M.","Philippe","Nauche","-393382800","Médecin hospitalier","SRC","2","Corrèze","1182290400","9.44200328922","53","1997"
"2269","M.","Henri","Nayrou","-792464400","Journaliste","SRC","2","Ariège","1182290400","14.4413188265","67","1997"
"2273","M.","Jean-Marc","Nesme","-845082000","Cadre consulaire","UMP","2","Saône-et-Loire","1182290400","18.2469314206","67","1988"
"2277","M.","Yves","Nicolin","-215485200","Gestionnaire","UMP","5","Loire","1182290400","18.4933379915","47","1993"
"2283","M.","Hervé","Novelli","-657162000","Gérant de sociétés","UMP","4","Indre-et-Loire","1292281200","10.0414785345","61","1993"
"230","M.","Bernard","Accoyer","-769658400","Médecin ORL","UMP","1","Haute-Savoie","1182290400","18.4933379915","65","1993"
"230329","M.","Jean-François","Lamour","-439088400","Kinésithérapeute","UMP","13","Paris","1182290400","4.39614428854","54","2007"
"2317","M.","Michel","Pajon","-647139600","Maître de conférence en économie (Paris I)","SRC","13","Seine-Saint-Denis","1182290400","15.5938399308","61","1996"
"2319","Mme","Françoise","de Panafieu","-664419600",,"UMP","16","Paris","1182290400","23.5665755","63","1986"
"2338","M.","Christian","Paul","-308538000","Administrateur civil","SRC","3","Nièvre","1182290400","12.7274242338","50","1997"
"2339","M.","Daniel","Paul","-832471200","Instituteur","GDR","8","Seine-Maritime","1182290400","14.4413188265","67","1997"
"2343","M.","Germinal","Peiro","-514256400","Instituteur","SRC","4","Dordogne","1182290400","14.4413188265","57","1997"
"2345","M.","Jacques","Pélissard","-750646800","Avocat","UMP","1","Jura","1182290400","18.4933379915","64","1993"
"2357","M.","Dominique","Perben","-769744800","Sous-préfet","UMP","4","Rhône","1182290400","16.957517777","65","1986"
"236","M.","Manuel","Aeschlimann","-163904400","Maître de conférences à l'IEP-Paris","UMP","2","Hauts-de-Seine","1182290400","9.39545982584","46","2002"
"2365","M.","Jean-Claude","Perez","-181616400","Secrétaire de mairie","SRC","1","Aude","1182290400","14.4413188265","46","1997"
"2371","Mme","Marie-Françoise","Pérol-Dumont","-555469200","Professeur de collège (en détachement depuis 1997)","SRC","3","Haute-Vienne","1182290400","14.4413188265","58","1997"
"2374","Mme","Geneviève","Gaillard","-714445200","Vétérinaire","SRC","1","Deux-Sèvres","1182290400","14.4413188265","63","1997"
"2377","M.","Bernard","Perrut","-408243600","Avocat","UMP","9","Rhône","1182290400","14.4413188265","53","1997"
"2421","M.","Étienne","Pinte","-971654400","Cadre d'un établissement public","UMP","1","Yvelines","1182290400","38.2140772112","71","1973"
"2424","M.","Henri","Plagnol","-280458000","Conseiller d'État - Professeur associé à Paris Dauphine","UMP","1","Val-de-Marne","1182290400","9.52140096205","49","1997"
"243","M.","Yves","Albarello","-561517200","Directeur administratif et financier","UMP","7","Seine-et-Marne","1182290400","4.39614428854","58","2007"
"2430","M.","Philippe","Plisson","-598669200","Retraité de l'enseignement","SRC","11","Gironde","1182290400","4.39614428854","59","2007"
"2438","M.","Serge","Poignant","-699584400","Retraité du C.N.R.S.","UMP","10","Loire-Atlantique","1182290400","18.4933379915","63","1993"
"2473","M.","Jean-Luc","Préel","-920599200","Chef de service hospitalier","NC","1","Vendée","1182290400","23.3119553768","70","1988"
"2480","M.","Jean","Proriol","-1107734400","Ancien cadre","UMP","2","Haute-Loire","1182290400","33.3105864514","77","1978"
"2492","M.","Didier","Quentin","-726627600","Ministre plénipotentiaire","UMP","5","Charente-Maritime","1182290400","14.4413188265","65","1997"
"2494","M.","Jean-Jack","Queyranne","-762570000","Maître de conférences à l'Université","SRC","7","Rhône","1182290400","21.0888205377","65","1981"
"250","Mme","Michèle","Alliot-Marie","-735613200","Universitaire","UMP","6","Pyrénées-Atlantiques","1301263200","12.2729410031","64","1986"
"2503","M.","Dominique","Raimbourg","-621046800","Avocat","SRC","4","Loire-Atlantique","1182290400","5.09977194083","60","2001"
"2511","M.","Éric","Raoult","-458787600","Assistant parlementaire du groupe RPR","UMP","12","Seine-Saint-Denis","1182290400","18.5207164994","55","1986"
"2529","M.","Jean-Luc","Reitzer","-568342800","Cadre d'entreprise chargé des relations sociales","UMP","3","Haut-Rhin","1182290400","23.3119553768","60","1988"
"253","M.","Alfred","Almont","-798256800","Chargé de mission à la Chambre de Commerce et d'Industrie de la Martinique","UMP","2","Martinique","1182290400","9.39545982584","66","2002"
"2549","Mme","Marie-Line","Reynaud","-487904400","Conseillère technique au centre d'information des droits de la femme","SRC","2","Charente","1182290400","9.44200328922","56","1997"
"2580","M.","Jean","Roatta","-885261600",,"UMP","3","Bouches-du-Rhône","1182290400","20.6096966499","70","1986"
"259","Mme","Nicole","Ameline","-552099600","Directeur territorial","UMP","4","Calvados","1182290400","15.1091262644","58","1991"
"2591","Mme","Chantal","Robin-Rodrigo","-675651600","Directeur départemental crédit immobilier","SRC","2","Hautes-Pyrénées","1182290400","12.9682410259","62","1998"
"2597","M.","François","Rochebloine","-762742800","Directeur commercial","NC","3","Loire","1182290400","23.2927904213","65","1988"
"2600","M.","Alain","Rodet","-807156000","Économiste","SRC","4","Haute-Vienne","1182290400","30.1565823447","66","1981"
"2603","M.","Marcel","Rogemont","-694141200","Cadre","SRC","3","Ille-et-Vilaine","1182290400","9.44200328922","62","1997"
"2608","Mme","Marie-Josée","Roig","-998528400","Professeur de lettres","UMP","1","Vaucluse","1182290400","10.3126398395","72","1993"
"2611","M.","Bernard","Roman","-551149200","Avocat, administrateur territorial","SRC","1","Nord","1182290400","14.4413188265","58","1997"
"2621","M.","Michel","Rossi","-536115600",,"UMP","7","Alpes-Maritimes","1311976800","0.286630257054","57","2011"
"2631","M.","René","Rouquet","-753498000","Électromécanicien","SRC","9","Val-de-Marne","1182290400","24.1030801772","64","1981"
"2640","M.","Max","Roustan","-797047200","Professeur d'enseignement technique","UMP","4","Gard","1182290400","13.4474789908","66","1993"
"265","M.","Jean-Paul","Anciaux","-740365200","Technicien qualiticien","UMP","3","Saône-et-Loire","1182290400","13.4474789908","64","1993"
"2661","M.","Michel","Sainte-Marie","-990061200","Retraité","SRC","6","Gironde","1182290400","34.255144973","72","1973"
"2664","M.","Paul","Salen","-648262800",,"UMP","7","Loire","1304632800","0.51934757396","61","2011"
"2667","M.","Rudy","Salles","-486781200","Avocat","NC","3","Alpes-Maritimes","1182290400","23.2927904213","56","1988"
"266776","M.","Frédéric","Reiss","-635475600","Agrégé de mathématiques","UMP","8","Bas-Rhin","1182290400","9.31332430223","62","2002"
"266782","M.","Marc","Joulaud","-73530000",,"UMP","4","Sarthe","1184882400","9.23118877861","43","2002"
"266788","M.","Pierre","Morel-A-L'Huissier","-348109200","Avocat","UMP","2","Lozère","1182290400","9.39545982584","53","2002"
"266797","M.","Philippe","Gosselin","-100746000","Professeur de droit en classes préparatoires aux grandes écoles","UMP","1","Manche","1182290400","4.39614428854","44","2007"
"266815","M.","Jacques","Le Guen","-372992400","Docteur en médecine","UMP","5","Finistère","1182290400","9.39545982584","52","2002"
"267003","M.","Francis","Saint-Léger","-405738000","Ingénieur","UMP","1","Lozère","1182290400","9.39545982584","53","2002"
"267013","M.","Michel","Sordi","-509504400","Cadre d'entreprise","UMP","7","Haut-Rhin","1182290400","9.39545982584","57","2002"
"267018","M.","Michel","Raison","-636080400","Agriculteur","UMP","3","Haute-Saône","1182290400","9.39545982584","61","2002"
"267028","M.","Daniel","Fidelin","-681786000","Assureur","UMP","9","Seine-Maritime","1182290400","9.39545982584","62","2002"
"267031","M.","Michel","Lejeune","-737341200","Vétérinaire","UMP","12","Seine-Maritime","1182290400","9.39545982584","64","2002"
"267042","M.","Yannick","Favennec","-359427600","Directeur de cabinet","UMP","3","Mayenne","1182290400","9.39545982584","52","2002"
"267049","M.","Gérard","Lorgeoux","-832039200","Imprimeur","UMP","3","Morbihan","1182290400","9.39545982584","67","2002"
"267057","M.","Céleste","Lett","-588733200","Cadre hospitalier","UMP","5","Moselle","1182290400","9.39545982584","59","2002"
"267069","M.","Louis","Giscard d'Estaing","-353466000","Chef d'entreprise","UMP","3","Puy-de-Dôme","1182290400","9.39545982584","52","2002"
"267075","M.","Étienne","Blanc","-484189200","Avocat","UMP","3","Ain","1182290400","9.39545982584","56","2002"
"267081","Mme","Pascale","Gruny","-311475600","Directeur de ressources humaines","UMP","2","Aisne","1292367600","5.6172257396","50","2004"
"267087","M.","Jean","Dionis du Séjour","-419043600","Ingénieur","NC","1","Lot-et-Garonne","1182290400","9.39545982584","54","2002"
"267091","Mme","Frédérique","Massat","-188269200","Fonctionnaire territoriale","SRC","1","Ariège","1182290400","4.39614428854","46","2007"
"267099","M.","Jean-Marc","Lefranc","-721530000",,"UMP","5","Calvados","1182290400","9.39545982584","63","2002"
"2671","M.","Jean-Claude","Sandrier","-770090400","Chimiste","GDR","2","Cher","1182290400","14.4413188265","65","1997"
"267118","M.","Christian","Ménard","-749091600","Médecin","UMP","6","Finistère","1182290400","9.39545982584","64","2002"
"267144","M.","Jean-Pierre","Nicolas","-984528000","Ingénieur","UMP","2","Eure","1182290400","9.39545982584","72","2002"
"267148","M.","Franck","Gilard","-604890000","Consultant","UMP","5","Eure","1182290400","9.39545982584","60","2002"
"267151","M.","Jean-Pierre","Gorges","-517971600","Directeur informatique","UMP","1","Eure-et-Loir","1221429600","8.5988593239","57","2002"
"267166","Mme","Sophie","Delong","-393210000","Médecin du travail","UMP","1","Haute-Marne","1184882400","4.31400876493","53","2007"
"267178","M.","Nicolas","Dhuicq","-286851600","Psychiatre des hôpitaux","UMP","1","Aube","1182290400","4.39614428854","51","2007"
"267182","M.","Jean-Yves","Cousin","-658112400","Inspecteur principal des impôts","UMP","6","Calvados","1182290400","9.39545982584","61","2002"
"267188","Mme","Martine","Carrillon-Couvreur","-687402000","Directrice d'un institut médico-éducatif","SRC","1","Nièvre","1182290400","9.39545982584","62","2002"
"267200","M.","Sébastien","Huyghe","-5878800","Notaire","UMP","5","Nord","1182290400","9.39545982584","41","2002"
"267204","M.","Jean-Marie","Sermier","-278557200","Viticulteur","UMP","3","Jura","1182290400","9.39545982584","49","2002"
"267209","M.","Nicolas","Perruchot","-109904400","Consultant en entreprise","NC","1","Loir-et-Cher","1182290400","9.39545982584","44","2002"
"267224","M.","Daniel","Mach","-444272400","Cadre commercial","UMP","1","Pyrénées-Orientales","1182290400","9.39545982584","56","2002"
"267227","Mme","Arlette","Grosskost","-519267600","Avocat","UMP","5","Haut-Rhin","1182290400","9.39545982584","57","2002"
"267233","M.","Christophe","Bouillon","-26182800","Fonctionnaire de catégorie A","SRC","5","Seine-Maritime","1182290400","4.39614428854","41","2007"
"267241","M.","Stéphane","Demilly","-205722000","Consultant en management","NC","5","Somme","1182290400","9.39545982584","47","2002"
"267246","M.","Michel","Heinrich","-753498000","Pharmacien","UMP","1","Vosges","1182290400","9.39545982584","64","2002"
"267253","M.","Daniel","Spagnou","-923882400","Directeur de caisse d'épargne retraité","UMP","2","Alpes-de-Haute-Provence","1182290400","9.39545982584","70","2002"
"267257","M.","Jean-Claude","Flory","-120618000","Conseiller en gestion locale","UMP","3","Ardèche","1182290400","9.39545982584","44","2002"
"267260","Mme","Bérengère","Poletti","-322448400","Sage-femme","UMP","1","Ardennes","1182290400","9.39545982584","51","2002"
"267266","M.","Yves","Censi","-186109200","Ingénieur conseil","UMP","1","Aveyron","1182290400","9.39545982584","46","2002"
"267270","M.","Claude","Leteurtre","-915328800","Chirurgien orthopédiste","NC","3","Calvados","1182290400","9.39545982584","71","2002"
"267278","M.","Philippe","Martin","-508381200","Préfet","SRC","1","Gers","1182290400","9.39545982584","58","2002"
"267289","M.","Jean-Pierre","Door","-875844000","Cardiologue","UMP","4","Loiret","1182290400","9.39545982584","68","2002"
"267297","M.","Michel","Diefenbacher","-709002000","Conseiller Maître à la Cour des comptes","UMP","2","Lot-et-Garonne","1182290400","9.39545982584","63","2002"
"267306","M.","André","Chassaigne","-615430800","Principal de collège","GDR","5","Puy-de-Dôme","1182290400","9.39545982584","60","2002"
"267314","Mme","Béatrice","Pavy","-353984400","Comptable","UMP","3","Sarthe","1182290400","9.39545982584","52","2002"
"267317","M.","Dominique","Le Mèner","-351478800","Juriste","UMP","5","Sarthe","1182290400","9.39545982584","53","2002"
"267324","M.","Jean-Jacques","Gaultier","-204253200","Médecin biologiste","UMP","4","Vosges","1182290400","9.39545982584","47","2002"
"267327","M.","Damien","Meslot","-162176400","Cadre bancaire","UMP","1","Territoire-de-Belfort","1182290400","9.39545982584","47","2002"
"267330","M.","Michel","Zumkeller","-124506000","Comptable","UMP","2","Territoire-de-Belfort","1182290400","9.39545982584","44","2002"
"267336","M.","Joël","Giraud","-322448400","Administrateur civil hors-classe","SRC","2","Hautes-Alpes","1182290400","9.39545982584","51","2002"
"267355","M.","Antoine","Herth","-217126800","Agriculteur","UMP","5","Bas-Rhin","1182290400","9.39545982584","47","2002"
"267358","M.","Jean-Louis","Christ","-597632400","Chef d'entreprise","UMP","2","Haut-Rhin","1182290400","9.39545982584","59","2002"
"267378","Mme","Geneviève","Levy","-689648400","Expert foncier et commercial","UMP","1","Var","1182290400","9.39545982584","62","2002"
"267382","M.","Patrice","Calméjane","-312512400","Ingénieur","UMP","8","Seine-Saint-Denis","1182290400","4.39614428854","50","2007"
"267399","Mme","Maryse","Joissains-Masini","-864093600","Avocat","UMP","14","Bouches-du-Rhône","1182290400","9.39545982584","68","2002"
"267407","M.","Paul","Giacobbi","-396925200","Administrateur civil hors classe au ministère de l'équipement","SRC","2","Haute-Corse","1182290400","9.39545982584","53","2002"
"267424","M.","Jean-Paul","Garraud","-436928400","Magistrat","UMP","10","Gironde","1182290400","9.39545982584","54","2002"
"267429","M.","Dino","Cinieri","-457059600","Consultant sécurité","UMP","4","Loire","1182290400","9.39545982584","55","2002"
"267433","M.","Gilles","Bourdouleix","-306550800","Chargé d'enseignement","UMP","5","Maine-et-Loire","1182290400","9.39545982584","50","2002"
"267440","M.","Éric","Diard","-140403600","Consultant en gestion","UMP","12","Bouches-du-Rhône","1182290400","9.39545982584","45","2002"
"267450","M.","Rémi","Delatte","-428029200","Agriculteur-propriétaire exploitant","UMP","2","Côte-d'Or","1182290400","4.39614428854","54","2007"
"267457","M.","Élie","Aboud","-322621200","Médecin cardiologue (Chef de service)","UMP","6","Hérault","1183500000","4.35781437752","51","2007"
"267460","M.","Raymond","Lancelin","-814150800","Cadre bancaire retraité","UMP","2","Indre-et-Loire","1311976800","0.286630257054","66","2011"
"267469","M.","Michel","Piron","-845773200","Enseignant, puis chef d'entreprise","UMP","4","Maine-et-Loire","1182290400","9.39545982584","67","2002"
"267479","M.","Kléber","Mesquida","-770436000","Ingénieur","SRC","5","Hérault","1182290400","9.39545982584","65","2002"
"267492","M.","Jean-Jacques","Candelier","-783306000","Cadre A de la fonction publique territoriale","GDR","16","Nord","1182290400","4.39614428854","65","2007"
"267499","M.","Christophe","Guilloteau","-364179600","Ancien assistant parlementaire","UMP","10","Rhône","1182290400","8.37971718382","52","2003"
"2675","M.","André","Santini","-921463200","Maître de conférences à l'Université","NC","10","Hauts-de-Seine","1248386400","20.0758157464","70","1988"
"267506","M.","Philippe","Vitel","-468896400","Chirurgien plasticien","UMP","2","Var","1182290400","9.39545982584","55","2002"
"267512","M.","Alain","Marc","-407811600","Retraité de l'enseignement","UMP","3","Aveyron","1182290400","4.39614428854","53","2007"
"267519","M.","Yvan","Lachaud","-499568400","Chef d'établissement scolaire","NC","1","Gard","1182290400","9.39545982584","56","2002"
"267527","M.","Martial","Saddier","-6742800","Cadre à la Chambre d'agriculture d'Annecy","UMP","3","Haute-Savoie","1182290400","9.39545982584","41","2002"
"267532","M.","Marc","Francina","-691549200","Conseiller financier et bancaire","UMP","5","Haute-Savoie","1182290400","8.66981529014","62","2003"
"267542","Mme","Marie-Renée","Oget","-786762000","Directrice d'association","SRC","4","Côtes-d'Armor","1182290400","9.39545982584","65","2002"
"267545","Mme","Françoise","Branget","-517539600","Gestionnaire en immobilier","UMP","1","Doubs","1182290400","7.61585681421","57","2004"
"267551","M.","Jacques","Lamblin","-547261200","Vétérinaire","UMP","4","Meurthe-et-Moselle","1182290400","4.39614428854","58","2007"
"267556","M.","Alain","Marty","-751770000","Gynécologue obstétricien","UMP","4","Moselle","1182290400","9.39545982584","64","2002"
"267561","Mme","Brigitte","Barèges","-526093200","Avocat","UMP","1","Tarn-et-Garonne","1182290400","9.39545982584","57","2002"
"267570","M.","Jean-Marie","Rolland","-608086800","Médecin généraliste","UMP","2","Yonne","1182290400","9.39545982584","60","2002"
"267573","M.","Simon","Renucci","-781405200","Pédiatre","SRC","1","Corse-du-Sud","1182290400","9.39545982584","65","2002"
"267576","M.","Marcel","Bonnot","-745030800","Avocat","UMP","3","Doubs","1182290400","9.39545982584","64","2002"
"267585","M.","Francis","Vercamer","-367549200","Ingénieur","NC","7","Nord","1182290400","9.39545982584","52","2002"
"267598","Mme","Josette","Pons","-696042000",,"UMP","6","Var","1182290400","9.39545982584","64","2002"
"267606","M.","Yves","Vandewalle","-617763600","Professeur agrégé de géographie","UMP","2","Yvelines","1184882400","4.31400876493","60","2007"
"267622","M.","Manuel","Valls","-233110800","Conseiller en communication","SRC","1","Essonne","1182290400","9.39545982584","48","2002"
"267641","M.","Louis","Cosyns","-544582800","Agent général d'assurances","UMP","3","Cher","1182290400","9.39545982584","58","2002"
"267644","Mme","Claude","Darciaux","-858564000","Enseignante","SRC","3","Côte-d'Or","1182290400","9.39545982584","68","2002"
"267647","M.","Étienne","Mourrut","-949190400","Commerçant retraité","UMP","2","Gard","1182290400","9.39545982584","72","2002"
"267650","M.","Jean-Marc","Roubaud","-585104400","Pharmacien","UMP","3","Gard","1182290400","9.39545982584","59","2002"
"267662","M.","Jacques","Remiller","-906343200","Cadre bancaire retraité","UMP","8","Isère","1182290400","9.39545982584","69","2002"
"267673","M.","Philippe","Folliot","-204166800","Directeur d'un organisme de financement du logement social","NC","3","Tarn","1182290400","9.39545982584","47","2002"
"267689","M.","Camille","de Rocca Serra","-492829200",,"UMP","2","Corse-du-Sud","1182290400","9.39545982584","56","2002"
"267695","Mme","Patricia","Adam","-527475600","Cadre d'action sociale","SRC","2","Finistère","1182290400","9.39545982584","57","2002"
"267698","Mme","Marguerite","Lamour","-427770000","Assistante administrative","UMP","3","Finistère","1182290400","9.39545982584","54","2002"
"267705","M.","Philippe","Tourtelier","-676170000","Professeur retraité","SRC","2","Ille-et-Vilaine","1182290400","9.39545982584","62","2002"
"267711","M.","Laurent","Hénart","-38278800","Juriste d'entreprise","UMP","1","Meurthe-et-Moselle","1182290400","8.02653443228","42","2002"
"267719","M.","Richard","Mallié","-668480400","Docteur en chirurgie dentaire","UMP","10","Bouches-du-Rhône","1182290400","9.39545982584","62","2002"
"267728","M.","Christophe","Priou","-368240400","Cadre de chambre de commerce et d'industrie ","UMP","7","Loire-Atlantique","1182290400","9.39545982584","52","2002"
"267762","M.","Jean-Pierre","Decool","-542854800","Professeur","UMP","14","Nord","1182290400","9.39545982584","58","2002"
"267765","M.","François-Xavier","Villain","-618195600","Avocat","NI","18","Nord","1182290400","9.39545982584","60","2002"
"267775","M.","Philippe","Cochet","-271731600","Gérant de société","UMP","5","Rhône","1182290400","9.39545982584","49","2002"
"267787","M.","René-Paul","Victoria","-484362000","Directeur d'école","UMP","1","Réunion","1182290400","9.39545985753","56","2002"
"267794","Mme","Michèle","Tabarot","-227840400","Chef d'entreprise","UMP","9","Alpes-Maritimes","1182290400","9.39545985753","48","2002"
"267797","Mme","Catherine","Vautrin","-297738000","Directeur marketing","UMP","2","Marne","1182290400","6.26062070626","50","2002"
"267801","M.","Yves","Jégo","-274842000","Consultant en ressources humaines","UMP","3","Seine-et-Marne","1248386400","8.13331064466","49","2002"
"267810","Mme","Chantal","Brunel","-672541200",,"UMP","8","Seine-et-Marne","1182290400","9.39545985753","62","2002"
"267813","M.","Guy","Geoffroy","-650163600","Proviseur","UMP","9","Seine-et-Marne","1182290400","9.39545985753","61","2002"
"267822","M.","Jacques","Alain Bénisti","-559443600","Cadre d'entreprise","UMP","4","Val-de-Marne","1182290400","9.39545985753","58","2002"
"267828","M.","Olivier","Dosne","-282358800","Pharmacien","UMP","7","Val-de-Marne","1292367600","2.18110895632","49","2004"
"267835","M.","Jean-Yves","Le Bouillonnec","-608950800","Avocat","SRC","11","Val-de-Marne","1182290400","9.39545985753","60","2002"
"267859","M.","Jacques","Domergue","-529290000","Chirurgien","UMP","1","Hérault","1182290400","9.39545985753","57","2002"
"267862","M.","Robert","Lecou","-613443600","Cadre territorial","UMP","4","Hérault","1182290400","9.39545985753","60","2002"
"267886","M.","Axel","Poniatowski","-581130000","Directeur de société","UMP","2","Val-d'Oise","1182290400","9.39545985753","59","2002"
"267895","M.","Jérôme","Chartier","-98845200","Ancien associé gérant","UMP","7","Val-d'Oise","1182290400","9.39545985753","45","2002"
"2679","M.","Michel","Sapin","-559530000","Conseiller de tribunal administratif","SRC","1","Indre","1182290400","14.2660964078","58","1981"
"267903","Mme","Muriel","Marland-Militello","-833940000",,"UMP","2","Alpes-Maritimes","1182290400","9.39545985753","67","2002"
"267907","M.","Jean-Pierre","Grand","-603421200","Attaché parlementaire","UMP","3","Hérault","1182290400","9.39545985753","61","2002"
"267923","M.","Guy","Delcourt","-709174800","Retraité de la fonction publique territoriale","SRC","13","Pas-de-Calais","1182290400","4.39614432023","63","2007"
"267950","Mme","Martine","Billard","-543891600","Bibliothécaire","GDR","1","Paris","1182290400","9.39545985753","58","2002"
"267954","Mme","Danièle","Hoffman-Rispal","-584758800","Comptable","SRC","6","Paris","1182290400","9.39545985753","59","2002"
"267965","Mme","Annick","Lepetit","-371005200",,"SRC","17","Paris","1182290400","9.19285889928","52","2002"
"268001","M.","André","Flajolet","-728096400","Professeur","UMP","9","Pas-de-Calais","1182290400","9.39545985753","65","2002"
"268011","M.","Jean-Philippe","Maurer","-299379600","Assistant parlementaire","UMP","2","Bas-Rhin","1182290400","4.39614432023","50","2007"
"268019","M.","Jean-Christophe","Lagarde","-69123600","Attaché de direction","NC","5","Seine-Saint-Denis","1182290400","9.39545985753","43","2002"
"268031","M.","Louis-Joseph","Manscour","-782182800","Professeur de collège","SRC","1","Martinique","1182290400","9.39545985753","65","2002"
"268039","M.","Éric","Jalton","-261709200","Dentiste","SRC","1","Guadeloupe","1182290400","9.39545985753","49","2002"
"268042","Mme","Gabrielle","Louis-Carabin","-753066000","Agent de contrôle retraitée","UMP","2","Guadeloupe","1182290400","9.39545985753","64","2002"
"268048","M.","Victorin","Lurel","-579661200","Fonctionnaire territorial","SRC","4","Guadeloupe","1182290400","9.39545985753","59","2002"
"268051","M.","Serge","Grouard","-340506000","Administrateur civil","UMP","2","Loiret","1182290400","9.39545985753","51","2002"
"2685","Mme","Odile","Saugues","-849920400","Retraitée","SRC","1","Puy-de-Dôme","1182290400","14.4413188582","67","1997"
"2700","M.","François","Scellier","-1062032400","Directeur divisionnaire des impôts honoraire","UMP","6","Val-d'Oise","1182290400","9.39545985753","74","2002"
"2707","M.","André","Schneider","-725677200","Principal de collège en retraite","UMP","3","Bas-Rhin","1182290400","14.4413188582","63","1997"
"2708","M.","Jean-Pierre","Schosteck","-877226400",,"UMP","12","Hauts-de-Seine","1202079600","3.76906241286","68","2008"
"271","Mme","Sylvie","Andrieux","-253933200","Cadre commercial d'entreprise de manutention et d'acconage","SRC","7","Bouches-du-Rhône","1182290400","14.4413188582","50","1997"
"2744","M.","Jean-Pierre","Soisson","-1109116800","Conseiller référendaire à la Cour des comptes","UMP","1","Yonne","1182290400","31.5556241286","76","1968"
"2775","M.","Alain","Suguenot","-577242000","Avocat","UMP","5","Côte-d'Or","1182290400","13.4474790225","59","1993"
"2791","Mme","Christiane","Taubira","-565318800","Économiste","SRC","1","Guyane","1182290400","18.4933380232","58","1993"
"2792","M.","Jean-Charles","Taugourdeau","-519440400","Chef d'entreprise","UMP","3","Maine-et-Loire","1182290400","9.39545985753","57","2002"
"2796","M.","Guy","Teissier","-780890400","Administrateur de biens","UMP","6","Bouches-du-Rhône","1182290400","18.947935331","65","1988"
"2799","M.","Pascal","Terrasse","-163558800","Directeur de maison de retraite","SRC","1","Ardèche","1182290400","14.4413188582","46","1997"
"2801","M.","Michel","Terrot","-663901200","Avocat","UMP","12","Rhône","1182290400","25.4091491115","63","1986"
"2811","M.","Jean-Claude","Thomas","-624762000","Docteur en chirurgie dentaire","UMP","3","Marne","1182290400","23.292790453","60","1988"
"2815","M.","Dominique","Tian","-317178000","Gérant de sociétés","UMP","2","Bouches-du-Rhône","1182290400","9.34070284179","52","2002"
"2816","M.","Jean","Tiberi","-1102032000","Magistrat","UMP","2","Paris","1182290400","42.1812230334","75","1968"
"2825","Mme","Marisol","Touraine","-341542800","Conseillère d'Etat","SRC","3","Indre-et-Loire","1182290400","9.44200332091","51","1997"
"2832","M.","Alfred","Trassy-Paillogues","-614307600","Ingénieur","UMP","10","Seine-Maritime","1182290400","13.4474790225","60","1993"
"2843","M.","Georges","Tron","-391914000","Agent public des collectivités locales","UMP","9","Essonne","1309384800","17.3078486323","53","1993"
"2850","M.","Jean","Ueberschlag","-1091754000","Chirurgien-dentiste retraité","UMP","4","Haut-Rhin","1182290400","25.428314067","75","1986"
"2859","M.","Daniel","Vaillant","-645498000","Technicien biologiste","SRC","19","Paris","1182290400","17.4829570056","61","1988"
"286166","M.","Christian","Blanc","-871869600","Ancien président de sociétés publiques et privées, ancien préfet","NC","3","Yvelines","1280959200","6.60821367911","68","2002"
"2875","M.","Christian","Vanneste","-709088400","Professeur de philosophie","UMP","10","Nord","1182290400","13.4474790225","63","1993"
"2876","M.","François","Vannson","-227235600","Opticien","UMP","3","Vosges","1182290400","18.4933380232","48","1993"
"2883","M.","Michel","Vauzelle","-800935200","Préfet","SRC","16","Bouches-du-Rhône","1182290400","15.4433722463","66","1986"
"2884","M.","Michel","Vaxès","-919303200","Conseiller d'orientation-psychologue","GDR","13","Bouches-du-Rhône","1182290400","14.4413188582","71","1997"
"2895","M.","Michel","Vergnier","-729046800","Directeur d'école retraité","SRC","1","Creuse","1182290400","14.4413188582","65","1997"
"2904","M.","André","Vézinhet","-956797200","Directeur de recherche (retraité)","SRC","2","Hérault","1182290400","4.39614432023","71","2007"
"2907","M.","Jean-Sébastien","Vialatte","-597114000","Biologiste","UMP","7","Var","1182290400","9.39545985753","59","2002"
"2912","M.","Alain","Vidalies","-593139600","Avocat","SRC","1","Landes","1182290400","19.2407712881","59","1988"
"2925","M.","Jean-Claude","Viollet","-585882000","Assistant technique des travaux publics de l'Etat","SRC","1","Charente","1182290400","14.4413188582","59","1997"
"2936","M.","Michel","Voisin","-796442400","Expert comptable, commissaire aux comptes et expert-judiciaire ","UMP","4","Ain","1182290400","23.292790453","66","1988"
"2937","M.","Gérard","Voisin","-769140000","Garagiste","UMP","1","Saône-et-Loire","1182290400","18.4933380232","65","1993"
"2943","M.","Philippe","Vuilque","-439434000","Directeur de clinique","SRC","2","Ardennes","1182290400","14.4413188582","54","1997"
"295","M.","François","Asensi","-775879200","Dessinateur industriel","GDR","11","Seine-Saint-Denis","1182290400","30.287885137","65","1981"
"2952","M.","Jean-Luc","Warsmann","-132368400","Sans profession","UMP","3","Ardennes","1182290400","15.7991787715","45","1995"
"2960","M.","Éric","Woerth","-439434000","Associé dans un cabinet d'audit international","UMP","4","Oise","1292281200","4.60136905215","54","2002"
"2964","M.","Gaël","Yanno","-268275600","Commissaire aux comptes","UMP","1","Nouvelle-Calédonie","1182290400","4.39614432023","49","2007"
"2971","Mme","Marie-Jo","Zimmermann","-589424400","Professeur certifié","UMP","3","Moselle","1182290400","13.7676934875","59","1998"
"303108","M.","Jean-Pierre","Marcon","-658285200","Cadre bancaire","UMP","1","Haute-Loire","1184882400","4.31400879661","61","2007"
"304016","Mme","Sandrine","Hurel","-44240400","Secrétaire de direction","SRC","11","Seine-Maritime","1182290400","4.39614432023","42","2007"
"309643","Mme","Véronique","Besse","-201747600",,"NI","4","Vendée","1182290400","6.79438753264","47","2005"
"312","M.","Jean","Auclair","-746845200","Agriculteur","UMP","2","Creuse","1182290400","18.4933380232","64","1993"
"320","Mme","Martine","Aurillac","-968202000","Attachée d'administration centrale ","UMP","3","Paris","1182290400","18.4112024996","71","1993"
"328","M.","Jean-Marc","Ayrault","-629082000","Professeur d'allemand","SRC","3","Loire-Atlantique","1182290400","25.428314067","60","1986"
"330008","M.","Xavier","Breton","-224125200","Cadre territorial","UMP","1","Ain","1182290400","4.39614432023","49","2007"
"330112","Mme","Isabelle","Vasseur","-338605200","Infirmière","UMP","5","Aisne","1182290400","4.39614432023","51","2007"
"330118","M.","Guy","Chambefort","-795747600","Retraité de l'enseignement","SRC","1","Allier","1182290400","4.39614432023","66","2007"
"330130","M.","Bernard","Lesterlin","-640227600","Administrateur civil","SRC","2","Allier","1182290400","4.39614432023","61","2007"
"330146","M.","Jean","Mallot","-548038800","Contrôleur général économique et financier","SRC","3","Allier","1182290400","4.39614432023","58","2007"
"330240","M.","Éric","Ciotti","-134442000",,"UMP","1","Alpes-Maritimes","1182290400","4.39614432023","45","2007"
"330357","M.","Olivier","Dussopt","272066400","Assistant parlementaire","SRC","2","Ardèche","1182290400","4.39614432023","32","2007"
"330546","Mme","Marie-Lou","Marcel","-516416400","Responsable Ressources Humaines en dispense d'activité","SRC","2","Aveyron","1182290400","4.39614432023","57","2007"
"330613","M.","Henri","Jibrayel","-577155600","Retraité des entreprises publiques","SRC","4","Bouches-du-Rhône","1182290400","4.39614432023","59","2007"
"330684","Mme","Valérie","Boyer","-238554000","Cadre du secteur hospitalier","UMP","8","Bouches-du-Rhône","1182290400","4.39614432023","48","2007"
"330788","M.","Bernard","Reynès","-511405200","Dentiste","UMP","15","Bouches-du-Rhône","1182290400","4.39614432023","57","2007"
"330909","M.","Vincent","Descoeur","-222570000","Professeur agrégé de biologie","UMP","1","Cantal","1182290400","4.39614432023","49","2007"
"330981","Mme","Martine","Pinville","-353206800","Retraitée de la fonction publique","SRC","4","Charente","1182290400","4.39614432023","52","2007"
"331014","Mme","Catherine","Quéré","-687834000"," Viticultrice","SRC","3","Charente-Maritime","1182290400","4.39614432023","62","2007"
"331146","M.","Sauveur","Gandolfi-Scheit","-724294800","Médecin","UMP","1","Haute-Corse","1182290400","4.39614432023","63","2007"
"331282","Mme","Corinne","Erhel","-91846800","Assistante parlementaire","SRC","5","Côtes-d'Armor","1182290400","4.39614432023","43","2007"
"331381","M.","Jacques","Grosperrin","-448419600","Professeur agrégé à l'Université","UMP","2","Doubs","1182290400","4.39614432023","55","2007"
"331442","M.","Franck","Reynier","-132541200","Informaticien","UMP","2","Drôme","1182290400","4.39614432023","45","2007"
"331567","Mme","Laure","de La Raudière","-154141200","Chef d'entreprise","UMP","3","Eure-et-Loir","1182290400","4.39614432023","45","2007"
"331582","M.","Philippe","Vigier","-375843600","Médecin","NC","4","Eure-et-Loir","1182290400","4.39614432023","52","2007"
"331594","M.","Jean-Jacques","Urvoas","-324608400","Maître de conférences","SRC","1","Finistère","1182290400","4.39614432023","51","2007"
"331658","Mme","Annick","Le Loch","-478400400","Commercant","SRC","7","Finistère","1182290400","4.39614432023","56","2007"
"331753","Mme","Catherine","Lemorton","-269312400","Pharmacien","SRC","1","Haute-Garonne","1182290400","4.39614432023","49","2007"
"331807","Mme","Martine","Martinel","-513306000","Enseignant","SRC","4","Haute-Garonne","1182290400","4.39614432023","57","2007"
"331835","Mme","Monique","Iborra","-783219600","Fonctionnaire de catégorie A","SRC","6","Haute-Garonne","1182290400","4.39614432023","65","2007"
"331924","Mme","Michèle","Delaunay","-725245200","Médecin des hôpitaux","SRC","2","Gironde","1182290400","4.39614432023","63","2007"
"331973","Mme","Pascale","Got","-276224400","Journaliste","SRC","5","Gironde","1182290400","4.39614432023","49","2007"
"331990","M.","Alain","Rousset","-595645200","Cadre supérieur (secteur privé)","SRC","7","Gironde","1182290400","4.39614432023","59","2007"
"332015","Mme","Martine","Faure","-670726800","Retraitée de l'enseignement","SRC","9","Gironde","1182290400","4.39614432023","62","2007"
"332154","M.","Gilles","d'Ettore","-50806800","Permanent politique","UMP","7","Hérault","1182290400","4.39614432023","42","2007"
"332206","M.","Jean-René","Marsac","-495421200","Cadre","SRC","4","Ille-et-Vilaine","1182290400","4.39614432023","56","2007"
"332228","M.","Thierry","Benoit","-104202000","Représentant de commerce","NC","6","Ille-et-Vilaine","1182290400","4.39614432023","44","2007"
"332305","M.","Jean-Patrick","Gille","-250131600","Chargé de mission auprès d'un conseil régional","SRC","1","Indre-et-Loire","1182290400","4.39614432023","48","2007"
"332364","Mme","Geneviève","Fioraso","-480560400","Cadre supérieur","SRC","1","Isère","1182290400","4.39614432023","56","2007"
"332384","M.","Michel","Issindou","-551408400","Cadre de la fonction publique","SRC","2","Isère","1182290400","4.39614432023","58","2007"
"332523","Mme","Marie-Christine","Dalloz","-377917200",,"UMP","2","Jura","1182290400","4.39614432023","52","2007"
"332614","M.","Régis","Juanico","66092400","Fonctionnaire territorial","SRC","1","Loire","1182290400","4.39614432023","38","2007"
"332636","M.","Jean-Louis","Gagnaire","-431571600","Enseignant","SRC","2","Loire","1182290400","4.39614432023","54","2007"
"332747","M.","François","de Rugy","123980400","Assistant parlementaire","GDR","1","Loire-Atlantique","1182290400","4.39614432023","38","2007"
"332796","M.","Michel","Ménard","-271990800","Professeur des écoles","SRC","5","Loire-Atlantique","1182290400","4.39614432023","49","2007"
"332843","Mme","Marie-Odile","Bouillé","-606531600","Sage-femme","SRC","8","Loire-Atlantique","1182290400","4.39614432023","60","2007"
"332858","M.","Philippe","Boënnec","-590115600","Médecin","UMP","9","Loire-Atlantique","1182290400","4.39614432023","59","2007"
"332886","M.","Olivier","Carré","-277606800","Chef d'entreprise","UMP","1","Loiret","1182290400","4.39614432023","49","2007"
"332950","Mme","Dominique","Orliac","-561690000","Médecin","SRC","1","Lot","1182290400","4.39614432023","58","2007"
"333043","M.","Marc","Goua","-941418000","Retraité salarié privé","SRC","2","Maine-et-Loire","1182290400","4.39614432023","70","2007"
"333134","M.","Guénhaël","Huet","-423622800","Fonctionnaire","UMP","2","Manche","1182290400","4.39614432023","54","2007"
"333285","M.","Guillaume","Garot","-113446800",,"SRC","1","Mayenne","1182290400","4.39614432023","44","2007"
"333335","M.","Hervé","Féron","-423277200","Homme de lettres et Artiste","SRC","2","Meurthe-et-Moselle","1182290400","4.39614432023","54","2007"
"333352","Mme","Valérie","Rosso-Debord","60217200","Juriste d'entreprise","UMP","3","Meurthe-et-Moselle","1182290400","4.39614432023","40","2007"
"333421","M.","Bertrand","Pancher","-365302800","Directeur du développement","UMP","1","Meuse","1182290400","4.39614432023","52","2007"
"333457","M.","Michel","Grall","-262141200","Conseil en stratégie industrielle","UMP","2","Morbihan","1182290400","4.39614432023","49","2007"
"333590","M.","André","Wojciechowski","-432608400","Employé (secteur privé)","UMP","7","Moselle","1182290400","4.39614432023","54","2007"
"333611","Mme","Aurélie","Filippetti","109119600","Enseignante et écrivain","SRC","8","Moselle","1182290400","4.39614432023","37","2007"
"333818","M.","Christian","Hutin","-282531600","Médecin généraliste","SRC","12","Nord","1182290400","4.39614432023","49","2007"
"333972","Mme","Christine","Marin","-591152400","Commerçante","UMP","23","Nord","1182290400","4.39614432023","59","2007"
"333975","M.","Jean-Luc","Pérat","-629254800","Professeur de l'enseignement secondaire et technique","SRC","24","Nord","1182290400","4.39614432023","60","2007"
"334","M.","Jean-Paul","Bacquet","-656730000","Médecin ","SRC","4","Puy-de-Dôme","1182290400","14.4413188582","61","1997"
"334116","Mme","Jacqueline","Maquet","-651286800","Directrice de mission","SRC","1","Pas-de-Calais","1182290400","4.39614432023","61","2007"
"334149","M.","Daniel","Fasquelle","-219632400","Professeur de faculté","UMP","4","Pas-de-Calais","1182290400","4.39614432023","47","2007"
"334160","M.","Frédéric","Cuvillier","-33526800","Professeur de faculté","SRC","5","Pas-de-Calais","1182290400","4.39614432023","43","2007"
"334525","Mme","Jacqueline","Irles","-397875600","Cadre supérieur","UMP","4","Pyrénées-Orientales","1182290400","4.39614432023","53","2007"
"334654","M.","Éric","Straumann","-169606800","Professeur agrégé","UMP","1","Haut-Rhin","1182290400","4.39614432023","46","2007"
"334750","M.","Michel","Havard","-87613200","Autre cadre (secteur privé)","UMP","1","Rhône","1182290400","4.39614432023","43","2007"
"334755","M.","Pierre-Alain","Muet","-788922000","Inspecteur général des finances","SRC","2","Rhône","1182290400","4.39614432023","65","2007"
"334768","M.","Jean-Louis","Touraine","-764730000","Professeur de médecine","SRC","3","Rhône","1182290400","4.39614432023","65","2007"
"334811","Mme","Pascale","Crozon","-807674400","Chargée de mission - Ancienne déléguée régionale chargée des droits des femmes","SRC","6","Rhône","1182290400","4.39614432023","66","2007"
"334843","M.","Patrice","Verchère","125967600","Assistant parlementaire","UMP","8","Rhône","1182290400","4.39614432023","38","2007"
"334906","M.","Philippe","Meunier","-119840400","Directeur de cabinet","UMP","13","Rhône","1182290400","4.39614432023","44","2007"
"334951","M.","Jean-Michel","Villaumé","-750042000","Retraité de l'enseignement","SRC","2","Haute-Saône","1182290400","4.39614432023","64","2007"
"335017","M.","Christophe","Sirugue","-106794000","Cadre supérieur (secteur privé)","SRC","5","Saône-et-Loire","1182290400","4.39614432023","44","2007"
"335040","Mme","Fabienne","Labrette-Ménager","-283395600","Administrateur de sociétés","UMP","1","Sarthe","1182290400","4.39614432023","49","2007"
"335054","Mme","Marietta","Karamanli","-158979600","Professeur du secondaire et techn.","SRC","2","Sarthe","1182290400","4.39614432023","47","2007"
"335159","M.","Lionel","Tardy","-112669200","Gérant d'entreprise","UMP","2","Haute-Savoie","1182290400","4.39614432023","44","2007"
"335319","Mme","Sandrine","Mazetier","-96080400","Cadre supérieur (secteur privé)","SRC","8","Paris","1182290400","4.39614432023","45","2007"
"335532","Mme","George","Pau-Langevin","-669085200","Avocate","SRC","21","Paris","1182290400","4.39614432023","62","2007"
"335543","Mme","Valérie","Fourneyron","-323312400","Médecin du sport","SRC","1","Seine-Maritime","1182290400","4.39614432023","51","2007"
"335567","Mme","Françoise","Guégot","-233283600","Maître de conférence associée","UMP","2","Seine-Maritime","1182290400","4.39614432023","48","2007"
"335612","M.","Jean-Paul","Lecoq","-354070800","Fonctionnaire de catégorie B","GDR","6","Seine-Maritime","1182290400","4.39614432023","52","2007"
"335758","M.","Franck","Riester","126399600","Chef d'entreprise","UMP","5","Seine-et-Marne","1182290400","4.39614432023","36","2007"
"335999","Mme","Delphine","Batho","101689200","Cadre territorial","SRC","2","Deux-Sèvres","1182290400","4.39614432023","37","2007"
"336015","M.","Jean","Grellier","-714099600","Retraité salarié privé, dirigeant d'entreprise (SCOP)","SRC","4","Deux-Sèvres","1182290400","4.39614432023","63","2007"
"336067","M.","Gilbert","Mathon","-904269600","Retraité de l'enseignement","SRC","4","Somme","1182290400","4.39614432023","69","2007"
"336112","M.","Jacques","Valax","-579402000","Avocat","SRC","1","Tarn","1182290400","4.39614432023","59","2007"
"336175","Mme","Sylvia","Pinel","244249200","Collaborateur de cabinet","SRC","2","Tarn-et-Garonne","1182290400","4.39614432023","33","2007"
"336316","M.","Jean-Claude","Bouchet","-399776400","Gérant de société","UMP","2","Vaucluse","1182290400","4.39614432023","53","2007"
"336421","Mme","Catherine","Coutelle","-781059600","Retraitée de l'enseignement","SRC","2","Vienne","1182290400","4.39614432023","65","2007"
"336439","M.","Jean-Michel","Clément","-478746000","Avocat","SRC","3","Vienne","1182290400","4.39614432023","56","2007"
"336454","Mme","Monique","Boulestin","-593485200","Professeur de lettres en détachement","SRC","1","Haute-Vienne","1182290400","4.39614432023","59","2007"
"336576","Mme","Marie-Louise","Fort","-602125200",,"UMP","3","Yonne","1182290400","4.39614432023","61","2007"
"336898","Mme","Marie-Hélène","Amiable","-309315600","Enseignante","GDR","11","Hauts-de-Seine","1182290400","4.39614432023","50","2007"
"336971","M.","Daniel","Goldberg","-137466000","Maître de conférences","SRC","3","Seine-Saint-Denis","1182290400","4.39614432023","45","2007"
"337084","M.","Gérard","Gaudron","-650163600","Géologue","UMP","10","Seine-Saint-Denis","1182290400","4.39614432023","61","2007"
"337171","M.","Didier","Gonzales","-293418000","Fonctionnaire","UMP","3","Val-de-Marne","1182290400","4.39614432023","50","2007"
"337248","M.","Pierre","Gosnat","-674269200","Fonctionnaire","GDR","10","Val-de-Marne","1182290400","4.39614432023","62","2007"
"337332","M.","Claude","Bodin","-556419600","Attaché d'administration hospitalière","UMP","4","Val-d'Oise","1182290400","4.39614432023","58","2007"
"337421","M.","Yanick","Paternotte","-568774800","Docteur en pharmacie","UMP","9","Val-d'Oise","1182290400","4.39614432023","60","2007"
"337442","Mme","Jeanny","Marc","-602211600","Retraité de l'enseignement","SRC","3","Guadeloupe","1182290400","4.39614432023","61","2007"
"337483","M.","Serge","Letchimy","-535424400","Urbaniste","SRC","3","Martinique","1182290400","4.39614432023","57","2007"
"337504","Mme","Chantal","Berthelot","-356749200","Agricultrice","SRC","2","Guyane","1182290400","4.39614432023","52","2007"
"337550","M.","Patrick","Lebreton","-199501200","Fonctionnaire de catégorie B","SRC","4","Réunion","1182290400","4.39614432023","47","2007"
"337568","M.","Jean-Claude","Fruteau","-712371600","Retraité de l'enseignement","SRC","5","Réunion","1182290400","4.39614432023","63","2007"
"337586","M.","Abdoulatifou","Aly","-306810000","Avocat","NI","1","Mayotte","1182290400","4.39614432023","50","2007"
"337621","M.","Bruno","Sandras","-265424400","Permanent politique","UMP","2","Polynésie Française","1182290400","4.39614432023","49","2007"
"337633","Mme","Annick","Girardin","-170816400","Fonctionnaire de catégorie A","SRC","1","Saint-Pierre-et-Miquelon","1182290400","4.39614432023","46","2007"
"337635","M.","Apeleto","Albert Likuvalu","-824691600","Retraité de l'enseignement","SRC","1","Wallis-et-Futuna","1182290400","4.39614432023","68","2007"
"339","M.","Dominique","Baert","-321584400","Directeur à la Banque de France","SRC","8","Nord","1182290400","9.44200332091","51","1997"
"341","M.","Pierre-Christophe","Baguet","-462157200","Conseiller en communication","UMP","9","Hauts-de-Seine","1182290400","14.4413188582","55","1997"
"341339","Mme","Colette","Langlade","-427078800","Professeur","SRC","3","Dordogne","1204844400","3.68145118767","54","2008"
"341466","Mme","Marie-Hélène","Thoraval","-113014800","Responsable marketing","UMP","4","Drôme","1293577200","0.869678429285","44","2010"
"341481","M.","Guy","Lefrand","-214966800","Médecin","UMP","1","Eure","1231801200","2.82724174208","47","2009"
"342415","Mme","Marie-Noëlle","Battistel","-421808400",,"SRC","4","Isère","1275861600","1.43105191776","54","2010"
"342601","M.","Pascal","Brindeau","140914800","Juriste","NC","3","Loir-et-Cher","1292367600","0.908008340305","36","2010"
"342935","Mme","Marianne","Dubois","-379990800",,"UMP","5","Loiret","1257289200","2.01957575988","54","2009"
"343034","M.","Paul","Jeanneteau","-385520400","Pharmacien d'officine","UMP","1","Maine-et-Loire","1184882400","4.31400879661","53","2007"
"343385","M.","Philippe","Morenvillier","-128480400","Chef d'entreprise","UMP","5","Meurthe-et-Moselle","1208642400","3.56109983015","46","2008"
"343493","M.","Gwendal","Rouillard","198799200",,"SRC","5","Morbihan","1304546400","0.522085456435","34","2011"
"343623","Mme","Anne","Grommerch","29718000","Directrice des ventes","UMP","9","Moselle","1226876400","2.98329923695","41","2008"
"343908","Mme","Marie-Claude","Marchand","-487472400",,"SRC","19","Nord","1304373600","0.527561158009","56","2011"
"344072","Mme","Dominique","Le Sourd ","-603680400",,"UMP","7","Oise","1319752800","0.0402237179","61","2011"
"344492","M.","Fernand","Siré","-781232400","Médecin retraité","UMP","2","Pyrénées-Orientales","1270072800","1.6144879205","65","2010"
"344878","M.","Raymond","Durand","-765334800","Retraité","NC","11","Rhône","1212357600","3.44337224631","65","2008"
"345264","Mme","Edwige","Antier","-872042400","Pédiatre","UMP","4","Paris","1248300000","2.30442631886","68","2009"
"345897","M.","Arnaud","Richard","41814000","Responsable de relations institutionnelles","UMP","7","Yvelines","1275688800","1.43652761934","39","2010"
"345898","Mme","Cécile","Dumoulin","-99190800","Vétérinaire","UMP","8","Yvelines","1239919200","2.56999784521","45","2009"
"346","M.","Patrick","Balkany","-674614800","Directeur de société","UMP","5","Hauts-de-Seine","1182290400","18.2469314523","62","1988"
"346652","M.","Guy","Malherbe","-748918800","Administrateur civil hors classe","UMP","4","Essonne","1184882400","4.31400879661","64","2007"
"346692","Mme","Françoise","Briand","-590202000","Ingénieur de recherche","UMP","7","Essonne","1221775200","3.14494651051","59","2008"
"346839","M.","Eric","Berdoati","-178246800","Gérant d'une SARL","UMP","7","Hauts-de-Seine","1292367600","0.908008340305","46","2010"
"350","M.","Jean-Pierre","Balligand","-618282000","Assistant parlementaire","SRC","3","Aisne","1182290400","30.1565823764","60","1981"
"356","M.","Gérard","Bapt","-754448400","Médecin cardiologue","SRC","2","Haute-Garonne","1182290400","29.0120466702","64","1978"
"362","M.","Jean","Bardet","-900295200","Professeur de médecine","UMP","3","Val-d'Oise","1182290400","20.114031612","69","1986"
"381","M.","Claude","Bartolone","-581562000","Cadre de l'industrie pharmaceutique","SRC","6","Seine-Saint-Denis","1182290400","26.0224276878","59","1981"
"384","M.","Jacques","Bascou","-528771600","Cadre territorial","SRC","2","Aude","1182290400","14.4413188582","57","1997"
"390","Mme","Sylvia","Bassot","-916365600",,"UMP","3","Orne","1182290400","15.4953914113","71","1996"
"394","M.","Christian","Bataille","-745981200","Professeur de lettres","SRC","22","Nord","1182290400","23.292790453","64","1988"
"405480","M.","François","Pupponi","-234234000","Directeur divisionnaire des Impôts","SRC","8","Val-d'Oise","1197759600","3.90595495221","48","2007"
"410","M.","François","Bayrou","-587178000","Professeur agrégé de lettres","NI","2","Pyrénées-Atlantiques","1182290400","18.9451974802","59","1986"
"412525","M.","Dominique","Souchet","-741056400","Conseiller des affaires étrangères hors classe (en détachement)","NI","5","Vendée","1208037600","3.58026478566","64","2008"
"414","M.","Patrick","Beaudouin","-528166800","Consultant en communication et relations publiques","UMP","6","Val-de-Marne","1182290400","9.39545985753","57","2002"
"417099","M.","Arnaud","Robinet","168044400","Enseignant - Chercheur - Praticien hospitalier","UMP","1","Marne","1229295600","2.90663941491","35","2008"
"424679","Mme","Anny","Poursinoff","-573526800","Infirmière","GDR","10","Yvelines","1278885600","1.33522714021","59","2010"
"427304","M.","Joël","Regnault","-636080400","Exploitant agricole","UMP","12","Yvelines","1311976800","0.286630288742","61","2011"
"441","Mme","Huguette","Bello","-610851600","Directrice d'école maternelle","GDR","2","Réunion","1182290400","14.4413188582","60","1997"
"475","M.","Jean-Louis","Bernard","-1002157200","Chirurgien retraité","UMP","3","Loiret","1182290400","18.4933380232","72","1993"
"479","M.","Marc","Bernier","-842752800","Chirurgien-dentiste","UMP","2","Mayenne","1182290400","9.39545985753","67","2002"
"493","M.","Jean-Yves","Besselat","-821494800",,"UMP","7","Seine-Maritime","1182290400","16.0320101655","68","1995"
"503","M.","Jean-Louis","Bianco","-851130000","Conseiller d'Etat","SRC","1","Alpes-de-Haute-Provence","1182290400","14.4413188582","67","1997"
"508","Mme","Gisèle","Biémouret","-553654800","Assistante parlementaire","SRC","2","Gers","1182290400","4.39614432023","58","2007"
"513","M.","Jérôme","Bignon","-662691600","Avocat au Barreau de Paris","UMP","3","Somme","1182290400","13.4474790225","61","1993"
"522","M.","Jean-Marie","Binetruy","-740365200","Enseignant","UMP","5","Doubs","1182290400","9.39545985753","64","2002"
"525","M.","Claude","Birraux","-755830800","Ingénieur","UMP","4","Haute-Savoie","1182290400","33.2914215276","64","1978"
"538","M.","Émile","Blessig","-713235600","Avocat","UMP","7","Bas-Rhin","1182290400","13.4036734099","63","1998"
"542","M.","Serge","Blisko","-630723600","Médecin","SRC","10","Paris","1182290400","16.8450377722","60","1983"
"543","M.","Patrick","Bloche","-425869200","Directeur commercial","SRC","7","Paris","1182290400","14.4413188582","54","1997"
"546","M.","Roland","Blum","-772336800","Avocat","UMP","1","Bouches-du-Rhône","1182290400","25.4091491115","65","1986"
"551","M.","Alain","Bocquet","-746586000","Éducateur spécialisé","GDR","20","Nord","1182290400","33.2914215276","64","1978"
"560","M.","Daniel","Boisserie","-743734800","Architecte","SRC","2","Haute-Vienne","1182290400","14.4413188582","64","1997"
"580","M.","Maxime","Bono","-699584400","Inspecteur des impôts","SRC","1","Charente-Maritime","1182290400","12.6151723832","63","1999"
"588","M.","Jean-Louis","Borloo","-591325200","Avocat","UMP","21","Nord","1292281200","10.1373033437","59","1993"
"594","M.","Joseph","Bossé","-753584400","Retraité","UMP","7","Maine-et-Loire","1311976800","0.286630288742","64","2011"
"599","M.","Jean-Michel","Boucheron","-688698000","Assistant d'Université","SRC","1","Ille-et-Vilaine","1182290400","30.1757473319","62","1981"
"612","M.","Bruno","Bourg-Broc","-784170000","Professeur","UMP","4","Marne","1248300000","27.5171801404","65","1982"
"621","M.","Pierre","Bourguignon","-880509600","Sociologue urbaniste","SRC","3","Seine-Maritime","1182290400","26.1045632114","68","1981"
"624","Mme","Chantal","Bourragué","-752115600","Cadre commercial","UMP","1","Gironde","1182290400","9.39545985753","64","2002"
"627","Mme","Danielle","Bousquet","-777780000","Chef d'établissement","SRC","1","Côtes-d'Armor","1182290400","14.4413188582","65","1997"
"633","M.","Michel","Bouvard","-466909200","Chargé de mission","UMP","3","Savoie","1182290400","18.4933380232","55","1993"
"634","M.","Loïc","Bouvard","-1292198400","Conseil en management","UMP","4","Morbihan","1182290400","38.3071641696","81","1973"
"653","M.","Patrick","Braouezec","-601434000","Instituteur","GDR","2","Seine-Saint-Denis","1182290400","18.4933380232","61","1993"
"654","M.","Jean-Pierre","Brard","-691117200","Instituteur","GDR","7","Seine-Saint-Denis","1182290400","23.1586357644","62","1988"
"667","M.","Philippe","Briand","-289789200","Chef d'entreprise et assureur","UMP","5","Indre-et-Loire","1182290400","18.4933380232","50","1993"
"680","M.","François","Brottes","-434077200","Directeur associé de société","SRC","5","Isère","1182290400","14.4413188582","54","1997"
"689","Mme","Marie-George","Buffet","-651805200","Employée","GDR","4","Seine-Saint-Denis","1182290400","9.48580893351","61","1997"
"690","M.","Michel","Buillard","-609469200","Fonctionnaire","UMP","1","Polynésie Française","1182290400","14.48238662","60","1997"
"691","M.","Yves","Bur","-593744400","Chirurgien-dentiste","UMP","4","Bas-Rhin","1182290400","16.2619896317","59","1995"
"696","M.","Dominique","Bussereau","-551322000","Conseil en entreprises","UMP","4","Charente-Maritime","1292281200","12.2536620022","58","1986"
"704","M.","Alain","Cacheux","-698374800","Ancien chargé d'études","SRC","3","Nord","1182290400","9.44200332091","64","1997"
"706","M.","Jérôme","Cahuzac","-553395600","Chirurgien","SRC","3","Lot-et-Garonne","1182290400","9.44200332091","58","1997"
"707","M.","Dominique","Caillaud","-745376400","Gérant de société","UMP","2","Vendée","1182290400","14.4413188582","64","1997"
"719","M.","Jean-Christophe","Cambadélis","-580179600","Conseiller en communication","SRC","20","Paris","1182290400","19.2407712881","59","1988"
"732","M.","Bernard","Carayon","-386643600","Avocat et maître de conférences à l'IEP de Paris","UMP","4","Tarn","1182290400","13.4474790225","53","1993"
"733","M.","Thierry","Carcenac","-600742800","Inspecteur principal des impôts","SRC","2","Tarn","1182290400","14.4413188582","61","1997"
"735","M.","Christophe","Caresche","-294454800","Chargé d'études","SRC","18","Paris","1182290400","14.4413188582","50","1997"
"746","M.","Gilles","Carrez","-673491600","Fonctionnaire de l'Etat en disponibilité","UMP","5","Val-de-Marne","1182290400","18.4112024996","62","1993"
"765","M.","Laurent","Cathala","-766198800","Cadre hospitalier","SRC","2","Val-de-Marne","1182290400","28.3660279616","65","1981"
"785","M.","Bernard","Cazeneuve","-207795600","Avocat au Barreau de Paris","SRC","5","Manche","1182290400","9.44200332091","47","1997"
"810","M.","Jean-Paul","Chanteguet","-633142800","Conseiller économique","SRC","3","Indre","1182290400","19.2407712881","62","1988"
"815","M.","Gérard","Charasse","-813200400","Chargé de mission d'inspection de l'enseignement technique retraité","SRC","4","Allier","1182290400","14.4413188582","66","1997"
"825","M.","Hervé","de Charette","-991702800","Avocat","NC","6","Maine-et-Loire","1182290400","19.3393339164","72","1986"
"856","M.","Gérard","Cherpion","-687920400","Pharmacien","UMP","2","Vosges","1182290400","13.4474790225","62","1993"
"872","M.","Alain","Claeys","-673837200","Enseignant","SRC","1","Vienne","1182290400","14.4413188582","62","1997"
"876","M.","Pascal","Clément","-777607200","Avocat à la cour","UMP","6","Loire","1182290400","29.2147617056","65","1978"
"877","Mme","Marie-Françoise","Clergeau","-683773200","Attachée commerciale","SRC","2","Loire-Atlantique","1182290400","14.4413188582","62","1997"
"885","M.","Yves","Cochet","-753498000","Informaticien","GDR","11","Paris","1182290400","13.5871094126","64","1997"
"886","M.","Gilles","Cocquempot","-542595600","Chargé de mission","SRC","7","Pas-de-Calais","1182290400","10.85462025","58","2001"
"891","M.","Pierre","Cohen","-624416400","Ingénieur de recherche à l' INRIA","SRC","3","Haute-Garonne","1182290400","14.4413188582","60","1997"
"909","M.","Georges","Colombier","-940986000","Salarié de l'industrie","UMP","7","Isère","1182290400","25.4091491115","70","1986"
"911","Mme","Geneviève","Colot","-616294800",,"UMP","3","Essonne","1182290400","11.2352955865","60","1995"
"917","M.","Jean-François","Copé","-178592400","Administrateur civil et avocat","UMP","6","Seine-et-Marne","1182290400","6.31537772201","46","1995"
"923","M.","François","Cornut-Gentille","-366512400","Cadre d'entreprise","UMP","2","Haute-Marne","1182290400","18.4933380232","52","1993"
"934","M.","René","Couanau","-1056502800","Inspecteur général de l'administration de l'Éducation nationale retraité","NI","7","Ille-et-Vilaine","1182290400","25.4091491115","74","1986"
"942","M.","Charles","de Courson","-560134800","Magistrat à la Cour des comptes (conseiller référendaire)","NC","5","Marne","1182290400","18.4933380232","58","1993"
"946","M.","Alain","Cousin","-717469200","Agent général d'assurances","UMP","3","Manche","1182290400","23.292790453","63","1988"
"951","M.","Jean-Michel","Couve","-946598400","Cardiologue","UMP","4","Var","1182290400","25.4091491115","70","1986"
"998","M.","Olivier","Dassault","-586573200","Président de sociétés","UMP","1","Oise","1182290400","17.9786220752","59","1988"
